axis,lr_importance,bart_importance
A_exposure,0.29619939184724364,0.2952064138876854
B_function,0.20627987357776978,0.20310883055405382
C_localstruct,0.08979309029177945,0.08954090858634502
D_architecture,0.10591686340371013,0.1101626030816169
E_importance,0.14610095431358566,0.19913416813180096
G_dynamics,0.15570982656591142,0.1028470757584979
