axis,bart_importance
A_exposure,0.2952064138876854
B_function,0.20310883055405382
C_localstruct,0.08954090858634502
D_architecture,0.1101626030816169
E_importance,0.19913416813180096
G_dynamics,0.1028470757584979
